{
    "auc": 0.8567625181816508,
    "train_auc": 0.8690400724240174,
    "valid_auc": 0.8567625181816508,
    "decay": 1.23,
    "best_params": {
        "learning_rate": 0.12939822650671118,
        "num_leaves": 33,
        "max_depth": 5,
        "n_estimators": 209
    },
    "optuna_best_score": 0.8567625181816508,
    "model_name": "LightGBM",
    "model_path": "models/best_model.pkl",
    "cpu_inicio": 23.2,
    "cpu_final": 78.5,
    "ram_inicio": 88.1,
    "ram_final": 75.0,
    "tiempo_total": 379.21
}