{
    "auc": 0.8573313449343773,
    "train_auc": 0.8752802482205322,
    "valid_auc": 0.8573313449343773,
    "decay": 1.79,
    "best_params": {
        "learning_rate": 0.048748804796336864,
        "num_leaves": 65,
        "max_depth": 10,
        "n_estimators": 243
    },
    "optuna_best_score": 0.8573313449343773,
    "model_name": "LightGBM",
    "model_path": "models/best_model.pkl",
    "cpu_inicio": 28.9,
    "cpu_final": 64.6,
    "ram_inicio": 92.4,
    "ram_final": 89.2,
    "tiempo_total": 897.61
}